"","PZB00451.1","PZB00416.2","PZB00579.1","PZB00257.1","PZB00236.2","PZB00400.1","PZB00379.3","PZB00686.2","PZB00645.1","PZB00724.1","PZB00700.1","PZB00597.1","PZB00619.1","PZB00605.3","PZB00207.3","PZB00188.2","PZB00213.4","PZB00175.6","PZB00229.2","PZB00229.1","PZB00232.1","PZB00229.3","PZB00228.2","PZB00223.1","PZB00228.4","PZB00228.3","PZB00752.1","PZB01077.3","PZB01077.1","PZB01080.2","PZB01077.7","PZB01042.1","PZB01021.5","PZB01067.1","PZB01057.1","PZB01083.1","PZB01103.2","PZB01103.1","PZB01083.4","PZB01083.2","PZB00849.1","PZB00865.2","PZB00857.1","PZB00769.1","PZB00761.1","PZB00806.9","PZB00777.2","PZB01009.2","PZB00969.1","PZB00901.4","PZB00895.1","PZB00919.1","PZA03756.2","PZA03758.1","PZA03756.1","PZA03759.2","PZA03774.1","PZA03774.8","PZA03760.2","PZA03761.3","PZA03733.2","PZA03735.1","PZA03730.2","PZA03736.1","PZA03751.1","PZA03747.7","PZA03752.1","PZA03742.1","PZA03739.1","PZA03746.5","PZA03746.1","PZB00089.4","PZB00083.3","PZB00067.5","PZB00081.4","PZB00092.2","PZB00119.3","PZB00118.2","PZB00137.1","PZB00109.2","PZB00093.2","PZB00116.2","PZB00114.1","PZB00063.6","PZB00001.1","PZB00011.6","PZB00011.1","PZA03781.4","PZA03789.1","PZB00017.1","PZB00049.2","PZB00063.2","PZB00041.2","PZB00035.1","PZB00041.4","PZB00041.3","PZB01109.2","PZB01899.2","PZB01899.1","PZB01915.1","PZB01913.2","PZB01881.11","PZB01883.4","PZB01883.2","PZB01919.2","PZB01963.1","PZB01964.5","PZB01963.6","PZB01937.2","PZB01872.2","PZB01658.2","PZB01647.1","PZB01683.3","PZB01662.2","PZB01638.1","PZB01632.1","PZB01642.2","PZB01642.1","PZB01689.1","PZB01867.2","PZB01856.4","PZB01872.1","PZB01867.5","PZB01728.7","PZB01689.2","PZB01856.1","PZB01730.3","PZB01969.1","PZB02035.2","PZB02035.1","PZB02044.2","PZB02035.3","PZB02023.1","PZB02033.1","PZB02023.2","PZB02053.2","PZB02095.2","PZB02059.3","PZB02058.1","PZB02058.3","PZB02058.2","PZB02017.5","PZB01977.7","PZB01979.2","PZB01977.11","PZB01977.1","PZB01977.4","PZB01977.2","PZB01997.1","PZB02017.2","PZB02013.3","PZB02017.3","PZB02005.1","PZB02013.2","PZB02013.1","PZB01619.2","PZB01292.3","PZB01292.1","PZB01267.2","PZB01301.6","PZB01336.6","PZB01358.3","PZB01352.2","PZB01308.3","PZB01301.7","PZB01331.2","PZB01261.1","PZB01178.1","PZB01156.2","PZB01186.1","PZB01111.7","PZB01110.1","PZB01114.1","PZB01112.3","PZB01186.2","PZB01231.3","PZB01231.1","PZB01236.1","PZB01233.2","PZB01201.1","PZB01186.3","PZB01230.5","PZB01370.2","PZB01457.1","PZB01454.6","PZB01471.1","PZB01460.1","PZB01446.3","PZB01454.3","PZB01449.2","PZB01471.3","PZB01612.2","PZB01612.1","PZB01617.2","PZB01612.3","PZB01487.2","PZB01446.1","PZB01400.1","PZB01394.4","PZB01400.5"
"DT10",0,0,0,0,2,0,0,0,0,2,0,0,0,2,0,0,0,0,0,0,2,0,0,0,0,0,0,2,0,2,0,0,2,0,0,2,0,2,2,0,0,2,2,0,2,0,0,0,0,0,0,0,2,0,2,0,2,0,0,0,2,2,0,2,1,0,2,2,2,0,0,2,0,2,0,0,0,0,2,0,0,2,2,2,0,0,2,2,2,0,0,2,0,0,0,0,2,2,2,0,0,0,2,0,0,0,0,0,2,0,2,0,2,2,0,0,0,0,2,0,0,0,0,0,0,0,0,2,0,0,0,0,2,2,0,0,0,2,2,2,2,0,0,2,0,0,0,0,2,0,2,0,0,2,2,0,0,0,2,0,0,0,0,0,2,0,2,2,0,0,0,0,0,0,0,2,0,0,0,0,0,2,0,0,0,0,0,2,1,0,0,0,0,0,0,0,2,0,0,0
"DT100",0,2,0,0,0,0,2,0,0,0,0,2,0,0,0,0,0,0,0,0,2,0,2,0,0,0,0,2,0,0,0,0,2,0,0,0,2,0,0,0,2,2,2,0,2,0,0,0,0,2,0,2,0,2,0,0,2,0,0,0,0,0,0,0,0,0,0,0,0,0,2,2,0,0,2,0,2,0,2,0,0,0,0,0,2,0,0,0,2,0,0,0,0,0,0,0,0,2,2,2,0,0,0,0,0,0,0,0,2,0,0,0,2,0,2,0,0,0,0,0,0,0,0,0,0,0,0,0,2,0,0,0,2,0,2,0,0,0,2,2,2,0,0,0,2,2,2,2,0,2,0,0,0,0,0,2,0,2,2,0,2,0,0,0,0,0,0,2,0,2,0,2,0,0,0,0,2,0,0,2,0,0,0,0,0,0,2,0,1,2,0,0,2,0,0,0,0,2,0,0
"DT101",0,0,2,0,0,0,2,0,0,0,0,2,0,0,0,0,0,0,0,0,2,0,2,0,0,0,0,2,0,0,0,0,0,0,0,0,0,2,0,0,2,0,2,0,2,0,0,2,0,0,0,0,0,2,0,0,2,0,0,0,0,0,0,2,0,0,0,2,0,0,2,2,0,0,2,0,2,0,2,2,0,0,0,0,2,0,0,2,2,0,0,0,0,0,0,0,0,2,2,2,0,0,0,0,0,0,0,0,2,0,0,0,2,2,2,0,0,0,0,0,0,0,0,0,0,0,0,0,0,0,0,0,2,0,2,0,0,0,0,0,0,0,0,0,2,2,0,2,0,0,2,0,0,2,2,0,0,2,2,0,2,0,0,0,2,0,2,2,0,2,0,2,0,0,0,0,0,0,2,2,0,0,0,0,2,0,0,0,0,2,0,0,0,0,0,0,0,2,0,0
"DT102",0,0,0,0,0,0,0,0,0,0,0,0,0,0,2,0,0,0,0,0,0,0,2,0,2,0,0,0,2,0,0,2,0,0,2,0,0,2,0,2,0,0,0,2,0,1,0,2,0,2,0,0,0,0,0,0,0,2,0,0,2,2,0,0,0,0,0,0,0,0,0,0,2,0,0,0,0,0,0,2,2,2,0,2,2,2,2,2,2,0,2,2,0,0,0,0,2,0,0,0,0,0,0,0,2,0,0,0,0,2,0,0,2,0,2,0,0,0,0,2,0,2,0,0,0,2,0,0,0,2,2,2,0,0,0,2,0,0,0,0,0,0,0,0,2,2,0,2,0,0,0,0,0,0,0,2,0,0,0,2,0,0,0,0,0,0,0,2,0,1,0,2,0,0,0,0,2,0,0,2,0,0,0,0,0,0,0,0,2,2,0,0,0,0,0,0,0,2,0,2
"DT103",2,0,0,0,0,2,0,2,0,2,0,0,0,0,2,0,0,0,0,2,0,2,2,2,2,0,0,2,0,0,0,1,0,0,0,0,2,0,0,2,0,0,2,0,0,0,2,2,0,0,0,0,0,0,0,0,2,2,0,0,2,2,0,0,0,0,0,0,2,0,2,0,0,0,2,2,2,0,0,0,2,2,0,0,2,2,2,0,0,0,0,0,0,2,0,2,0,0,0,0,0,0,2,0,0,2,0,2,2,0,0,0,2,0,0,0,0,0,2,2,0,0,0,0,0,0,0,0,0,2,2,2,0,0,0,0,0,0,2,2,2,0,2,0,0,2,0,0,2,0,2,0,2,2,2,0,0,0,2,0,0,0,0,0,0,0,2,0,0,2,0,2,0,0,0,0,2,0,0,0,0,0,0,2,0,2,0,2,2,0,2,0,0,0,0,0,2,0,0,0
"DT104",0,0,0,0,0,0,2,2,0,0,0,1,0,0,2,0,0,0,0,0,2,0,0,0,2,0,2,2,0,0,0,0,0,0,2,0,2,0,0,2,2,1,2,2,2,1,1,0,0,2,0,0,0,0,0,2,0,0,0,0,0,0,0,0,0,0,0,0,0,0,0,0,0,0,0,0,0,0,0,0,2,2,0,2,0,2,2,0,0,2,0,2,0,0,0,2,2,2,2,2,0,0,1,0,0,0,0,0,0,2,0,2,0,0,2,0,2,2,0,2,0,2,0,0,0,2,0,0,2,0,2,0,2,0,2,2,0,0,2,2,2,0,0,0,2,0,0,2,0,2,0,0,0,0,0,2,0,0,2,0,0,0,2,0,2,0,0,2,2,2,0,2,2,0,0,0,2,0,2,0,0,0,2,0,1,2,0,0,1,2,2,0,0,0,0,0,0,0,0,0
"DT105",2,0,0,0,2,0,0,2,0,0,0,0,0,0,0,0,0,0,0,0,2,0,0,2,0,2,2,2,0,2,0,0,2,2,2,2,0,2,2,0,0,0,0,2,0,1,2,2,0,0,0,0,2,0,2,2,0,0,0,0,2,2,0,0,0,0,2,0,0,0,2,2,0,0,0,0,2,0,0,2,0,0,0,0,0,0,0,0,0,0,2,0,0,2,0,0,0,0,0,2,0,0,0,0,0,0,0,0,0,0,0,0,0,2,0,0,0,0,2,2,0,0,0,0,0,0,0,0,2,0,0,0,2,0,0,0,0,0,0,0,0,0,0,0,0,0,0,0,0,0,0,0,0,0,0,0,0,2,0,0,0,0,0,2,0,0,0,2,0,0,0,0,0,0,0,0,2,0,0,2,2,0,0,2,0,0,0,0,1,0,0,0,0,0,0,0,0,2,2,0
"DT109",0,0,0,2,0,2,0,2,0,0,0,0,0,2,0,0,0,0,0,0,0,0,0,0,0,2,2,2,0,0,0,0,0,0,0,2,0,0,2,0,0,0,2,0,0,0,0,0,2,0,0,0,0,0,0,0,0,2,0,0,0,0,0,0,0,2,2,0,0,0,0,1,0,0,0,0,0,0,2,2,0,2,0,0,2,0,2,1,2,2,1,0,0,0,0,0,0,0,0,2,0,2,0,0,0,0,0,0,0,0,0,0,2,0,0,0,2,2,0,2,0,0,0,0,0,2,0,0,0,0,0,0,0,2,0,0,0,0,0,0,0,0,0,0,2,0,0,0,2,0,0,0,0,0,0,0,0,0,0,0,0,0,0,0,0,0,0,0,0,0,0,2,0,0,0,2,0,0,0,2,0,0,0,0,1,0,0,0,0,0,0,0,0,0,0,0,0,0,0,0
"DT110",2,0,0,0,0,2,2,0,0,0,0,0,2,0,0,0,0,0,0,0,2,0,0,0,0,2,2,2,0,2,0,0,0,0,0,0,0,0,0,0,2,0,0,0,0,0,0,0,0,2,2,0,0,2,0,0,2,0,2,2,0,0,0,0,0,0,2,0,0,0,0,2,0,2,0,0,2,0,0,0,0,2,0,0,2,2,2,2,0,0,0,0,0,2,0,2,0,0,0,2,0,0,2,0,0,0,0,0,0,0,2,2,0,0,0,0,0,0,2,2,0,0,0,0,0,2,0,0,2,0,2,0,2,2,0,0,0,0,2,2,2,0,2,0,0,2,0,0,0,0,0,0,0,0,0,2,0,0,0,0,0,0,0,2,2,0,0,2,0,1,0,0,0,0,0,0,0,0,0,0,0,0,0,2,2,0,0,0,0,0,2,0,2,2,0,0,0,0,0,0
"DT111",0,0,0,0,2,2,0,0,0,1,0,0,0,0,2,0,0,0,0,0,2,0,0,0,0,2,2,1,0,2,0,1,0,0,2,0,0,0,2,0,0,0,0,2,2,0,0,2,0,0,2,0,2,0,2,2,2,0,0,0,0,0,0,2,0,0,2,2,0,0,2,2,0,2,2,0,2,0,2,0,0,0,0,0,2,0,0,0,0,0,0,0,0,0,0,0,2,2,2,0,0,0,0,0,0,0,0,0,0,0,0,0,0,2,2,0,0,0,2,0,0,0,0,0,0,0,2,0,2,0,0,0,2,0,0,0,0,2,0,0,0,0,0,2,2,2,0,2,0,0,0,0,0,0,0,2,0,0,2,0,0,0,0,0,0,0,0,2,0,0,0,0,0,0,0,0,2,0,0,0,2,0,0,0,1,0,0,0,0,0,0,0,0,0,0,0,0,0,0,0
"DT112",2,0,0,0,0,0,0,0,0,0,0,0,0,0,0,2,0,0,0,0,2,0,0,2,2,0,2,2,0,2,0,0,0,0,2,2,0,0,2,0,0,0,0,0,0,1,2,2,0,2,0,0,0,0,0,0,2,0,0,0,2,2,0,0,0,0,0,0,0,0,2,2,0,0,0,0,2,0,0,2,0,0,0,0,2,0,0,2,0,0,0,0,0,2,0,2,0,2,0,2,0,0,0,2,0,0,0,0,0,0,0,0,2,0,0,0,0,0,2,0,0,0,0,0,0,0,2,0,2,0,0,0,2,2,0,2,0,0,2,2,2,0,0,0,2,2,0,2,0,0,0,0,0,0,0,0,0,0,2,0,0,0,0,0,0,0,0,0,0,2,2,0,0,0,0,0,0,0,0,0,0,0,0,0,2,0,0,0,0,0,0,0,0,0,0,0,0,0,0,0
"DT113",0,0,0,0,0,2,0,0,0,2,0,0,2,0,0,0,0,0,0,0,0,0,0,2,0,2,0,0,2,0,0,1,2,0,2,0,0,0,0,0,0,2,2,2,2,0,0,0,0,0,2,0,0,0,0,2,2,2,0,0,0,0,0,0,1,0,2,0,0,0,0,2,0,0,0,0,0,2,2,2,0,2,2,0,2,0,2,0,0,2,0,0,0,0,0,0,2,2,2,2,0,2,0,0,0,0,0,0,0,0,0,0,0,0,0,2,0,0,2,0,0,0,0,0,0,0,2,0,2,0,2,0,0,0,0,0,0,0,0,0,0,0,0,2,2,2,2,2,0,0,0,0,0,0,0,0,0,0,0,1,0,0,2,0,2,0,0,2,2,0,0,0,0,0,0,0,2,0,0,2,2,0,2,0,0,0,0,0,1,0,0,2,2,2,0,0,0,0,2,0
"DT114",2,0,0,0,2,0,0,2,0,2,2,0,2,0,0,0,0,0,0,0,2,0,0,0,0,2,0,0,0,0,0,0,0,0,2,0,2,0,0,2,0,0,0,2,2,0,2,0,0,0,0,0,0,2,0,0,0,0,0,0,0,0,0,0,0,0,0,0,0,0,2,2,0,0,2,0,2,0,0,0,0,2,0,2,0,2,2,0,0,0,0,2,0,2,0,0,2,2,2,2,0,0,0,0,0,0,0,0,0,0,0,2,2,0,2,0,0,0,0,2,0,0,0,0,0,0,0,0,0,0,0,0,2,0,0,0,0,2,2,2,2,0,0,0,2,0,0,2,0,0,0,2,2,0,0,0,0,2,0,0,0,0,0,0,0,2,0,2,0,2,0,0,0,0,0,0,0,0,0,2,0,2,0,0,0,1,0,0,2,0,1,0,2,0,0,0,0,0,0,0
"DT115",0,0,0,0,0,0,2,2,0,0,0,0,0,0,0,0,2,0,0,0,2,0,0,0,0,2,2,0,2,0,0,0,0,0,2,0,0,2,0,2,2,0,0,2,0,0,0,0,0,0,0,0,2,0,2,0,0,0,0,0,2,2,0,0,0,0,0,0,0,0,2,2,0,2,0,0,2,0,0,0,2,2,0,0,0,0,2,0,0,0,2,0,0,0,0,0,0,0,0,2,0,0,0,0,0,0,0,0,2,0,0,0,0,0,0,0,0,0,0,2,0,0,0,0,0,2,0,0,2,0,0,0,2,0,0,0,0,0,0,0,0,0,0,0,0,0,0,0,0,0,0,0,0,0,0,0,0,0,0,0,2,0,0,2,0,0,0,2,0,0,0,2,0,0,0,2,0,0,0,2,2,2,0,2,1,0,2,0,0,0,0,0,0,0,0,0,0,2,2,2
"DT116",0,0,0,0,0,0,0,0,0,0,0,0,0,0,0,0,2,0,0,0,2,0,0,0,0,2,0,2,0,0,0,0,2,0,2,0,0,0,0,2,0,0,2,0,0,1,0,0,0,2,0,0,0,2,0,0,0,0,0,0,2,2,0,2,0,0,0,0,0,0,2,0,0,0,0,0,0,0,0,0,2,2,0,0,2,2,2,1,0,0,2,0,0,0,0,0,0,0,0,2,0,2,0,0,0,0,0,0,2,0,0,2,0,0,0,0,0,0,0,0,0,0,0,2,0,2,0,0,2,0,2,0,2,0,0,2,0,0,2,2,2,0,0,0,2,0,0,2,2,0,0,0,2,0,0,1,0,0,2,0,0,0,0,2,2,0,0,2,2,0,0,0,0,0,0,2,0,0,0,2,2,2,0,2,0,0,2,0,1,1,0,0,0,0,0,0,0,0,0,0
"DT117",2,0,0,0,0,2,0,0,0,0,0,2,0,2,0,0,0,0,0,0,2,0,0,0,0,0,2,0,0,0,0,0,0,0,2,2,2,0,2,0,2,0,2,2,0,0,0,0,0,0,2,0,0,0,0,0,2,0,2,2,0,0,2,0,0,0,2,0,0,2,2,2,0,0,0,0,0,0,2,0,0,0,0,0,2,0,0,0,0,0,2,0,0,2,0,0,2,2,2,0,0,0,0,0,0,2,0,2,0,0,0,2,0,0,2,0,0,0,2,0,0,0,0,0,0,2,0,0,2,0,2,0,2,0,0,0,0,0,0,0,0,0,0,2,0,0,0,0,0,0,0,0,2,0,0,2,0,0,2,0,0,0,2,0,0,0,0,2,0,0,0,2,0,0,2,2,0,0,0,0,2,2,2,2,0,2,2,0,1,2,0,2,2,2,0,0,0,0,0,0
"DT118",0,2,0,2,0,0,2,2,0,1,0,2,0,0,0,0,0,0,0,0,0,0,0,2,2,0,2,2,0,0,0,0,2,0,2,2,0,0,2,0,0,0,2,2,0,0,0,0,0,2,0,0,2,0,2,2,0,0,2,0,0,0,0,0,0,0,0,0,0,0,0,0,0,0,0,0,2,0,0,0,0,0,0,0,2,0,0,0,0,0,0,0,0,0,0,0,2,2,2,0,0,0,0,0,2,0,0,0,0,0,0,0,0,0,2,0,0,0,0,2,0,0,0,0,0,0,0,0,0,0,0,0,0,0,0,0,0,0,2,2,2,0,0,2,0,2,0,0,0,0,0,0,2,0,0,0,0,0,0,0,2,2,0,0,0,0,0,0,0,0,0,2,0,0,2,0,2,0,0,2,2,0,0,2,1,0,0,0,0,2,2,2,2,2,0,0,0,2,2,0
"DT121",0,0,0,0,0,2,2,2,2,0,0,2,0,0,1,0,0,0,0,0,2,0,2,0,0,0,0,2,0,0,0,0,2,0,0,0,2,2,0,0,2,2,0,0,0,0,2,0,2,0,0,0,0,0,0,0,0,2,0,0,0,0,0,0,0,0,0,0,0,0,2,0,0,0,0,0,0,0,2,0,0,2,2,0,2,0,2,0,0,0,0,0,2,0,2,0,2,0,0,2,0,0,0,0,0,0,0,0,0,0,0,0,0,0,0,0,0,0,2,0,0,0,0,0,2,0,0,0,2,0,0,0,2,0,0,0,0,0,0,0,0,0,0,0,2,0,0,2,0,2,0,0,0,0,0,2,0,0,0,0,2,0,0,2,2,0,0,2,0,0,0,0,2,0,2,0,0,0,0,2,2,2,0,0,0,2,0,0,2,0,2,2,2,0,0,0,0,0,0,0
"DT122",2,0,0,2,0,2,2,0,0,0,0,2,0,2,0,0,0,0,0,0,0,0,0,0,2,0,2,0,0,0,0,1,0,0,0,0,2,2,0,0,0,2,0,0,2,1,0,0,0,0,0,0,2,0,2,0,0,2,0,0,2,2,0,2,1,0,0,0,0,0,0,2,0,0,0,0,0,0,0,0,0,0,0,2,0,0,0,2,0,0,0,2,2,2,2,0,2,0,0,2,2,0,0,0,2,0,0,0,0,0,0,2,0,0,2,2,2,2,2,0,0,2,0,2,2,0,0,0,0,0,0,0,0,2,0,0,0,0,0,0,0,0,0,0,2,0,0,2,2,0,0,0,0,0,0,0,0,2,0,0,2,0,2,2,0,0,0,2,0,0,0,0,0,0,0,0,2,0,0,2,0,0,0,2,2,0,0,0,0,0,2,2,2,2,0,0,0,0,0,0
"DT123",0,0,0,0,2,2,2,2,2,0,0,2,0,0,2,0,0,0,0,0,2,0,0,0,2,0,2,0,0,0,0,0,0,0,0,0,0,0,0,0,2,0,0,0,2,1,0,0,0,0,2,2,2,0,2,0,2,2,0,0,0,0,0,0,0,0,2,0,2,2,2,2,0,2,0,0,0,2,2,2,2,0,0,0,2,0,0,2,0,0,0,0,0,0,0,2,2,0,0,2,0,0,2,0,0,0,0,0,0,0,0,2,0,0,0,0,0,0,0,2,0,0,0,0,0,0,0,0,2,0,2,0,2,2,0,0,0,0,2,2,2,0,0,0,2,0,0,2,0,0,2,0,0,2,2,0,0,0,2,0,2,0,2,2,2,0,2,2,0,0,0,0,2,0,2,2,2,0,0,2,2,0,0,0,2,0,0,0,0,0,0,0,0,0,0,0,0,0,0,0
"DT124",0,0,0,2,0,0,0,2,0,1,0,2,0,0,1,0,0,0,0,0,2,0,2,0,0,0,0,2,0,0,0,0,0,0,0,0,2,2,0,2,0,0,2,0,0,1,0,0,0,0,0,0,2,0,2,0,2,2,0,0,0,0,0,0,1,0,0,0,0,0,2,2,0,0,0,0,2,0,0,0,0,2,2,2,0,0,2,0,0,0,0,2,0,0,0,0,0,2,2,0,0,0,0,0,0,0,0,0,0,0,0,0,0,0,2,0,0,0,0,2,0,2,0,0,0,1,0,2,0,0,0,0,2,2,0,0,0,0,0,0,0,0,0,0,0,2,0,0,0,0,0,0,0,0,0,0,0,0,0,0,2,2,0,0,2,0,0,0,0,1,0,0,0,0,0,0,2,0,0,2,0,0,0,0,0,0,0,0,2,0,2,0,2,0,2,0,0,0,0,0
"DT125",0,2,0,0,0,0,2,2,2,0,0,2,0,0,0,0,0,0,0,0,2,0,2,2,0,0,2,0,2,0,0,1,0,0,0,0,0,0,0,2,0,0,0,2,2,0,0,0,2,0,0,0,0,0,0,0,0,2,0,0,0,0,0,0,0,0,0,0,2,0,0,2,0,0,0,0,2,0,0,0,0,0,2,2,0,0,0,0,0,0,2,2,0,0,0,0,2,0,0,0,2,0,0,0,0,0,0,0,0,0,0,0,0,0,2,0,0,0,2,0,0,0,2,0,2,2,0,0,2,0,0,0,0,2,0,0,0,0,2,2,0,0,0,0,0,0,0,0,2,0,0,0,0,0,0,0,0,0,0,0,0,0,2,0,0,0,0,0,0,0,0,0,0,0,0,0,0,0,0,2,2,0,0,0,2,0,0,0,0,0,0,0,2,0,2,0,0,0,0,0
"DT126",2,0,0,0,0,2,2,2,0,0,0,0,0,2,0,0,0,0,0,0,0,0,0,0,0,2,0,2,0,0,0,1,0,2,2,0,0,0,0,2,0,0,0,2,0,0,0,0,0,0,0,0,0,0,0,0,0,0,0,0,2,2,0,2,0,0,0,0,0,2,2,2,0,0,0,0,2,2,0,2,0,2,2,0,2,0,2,2,0,0,0,0,0,2,0,2,2,0,0,0,0,0,0,0,2,0,2,0,0,0,0,0,0,0,2,0,0,0,2,2,0,0,0,0,2,0,0,0,0,0,2,0,0,0,0,2,0,0,0,0,0,0,0,0,0,2,2,0,2,0,0,0,2,0,0,0,0,2,0,0,0,0,2,2,2,0,0,2,0,2,0,0,2,0,0,2,0,0,2,2,0,2,2,0,1,0,0,0,0,0,0,0,2,2,0,0,0,2,0,2
"DT127",0,0,0,0,0,2,2,2,0,0,0,0,2,0,0,0,0,0,0,0,2,0,0,0,0,2,2,2,0,0,0,0,2,0,2,2,2,0,2,0,0,2,0,2,0,0,0,0,0,2,2,0,2,0,2,0,0,2,2,0,0,0,0,0,0,0,2,0,0,0,0,2,0,0,0,0,0,0,0,0,0,0,2,0,2,0,0,2,0,0,0,0,0,0,0,2,2,2,2,0,0,0,0,0,0,0,0,0,2,0,0,0,0,0,2,0,0,0,2,0,0,0,0,0,0,0,0,0,0,0,2,0,2,0,0,0,0,0,2,2,2,0,0,0,2,2,0,2,2,0,0,0,2,0,0,0,0,0,2,0,0,0,2,2,0,2,0,2,0,2,0,2,0,0,0,0,0,0,0,0,0,2,0,0,0,0,2,0,0,0,0,2,2,0,0,0,0,2,0,0
"DT128",0,0,2,0,0,0,0,0,0,0,0,0,0,0,1,0,0,0,0,0,0,0,0,0,0,0,2,0,0,0,0,0,0,2,2,2,0,2,2,0,0,2,2,0,2,0,2,2,0,0,2,2,0,0,0,0,0,2,2,2,2,2,0,2,0,0,0,0,2,0,2,0,0,0,0,0,2,0,2,0,0,2,0,2,0,2,2,2,0,0,0,2,0,0,0,0,0,0,0,0,2,0,2,0,0,0,0,0,0,0,2,0,0,0,2,0,0,0,2,2,0,0,0,0,2,2,0,0,0,2,0,2,0,0,0,0,0,0,2,2,0,0,2,2,0,2,0,0,2,2,0,0,0,0,0,0,0,0,2,0,0,0,2,0,2,0,0,0,0,0,0,2,0,0,2,0,0,0,0,2,2,0,2,0,2,2,2,0,0,0,2,0,2,2,0,0,0,2,2,0
"DT13",0,0,0,0,2,0,0,0,0,2,0,0,0,2,0,0,0,0,0,0,2,0,0,0,2,0,0,2,0,2,0,0,2,0,0,2,0,2,2,0,0,2,2,0,2,0,0,0,0,0,0,0,2,0,2,0,2,0,0,0,2,2,0,2,1,0,2,2,2,0,0,2,0,2,0,0,0,0,2,0,0,2,2,2,0,0,2,2,2,0,0,2,0,0,0,0,2,2,2,0,0,0,2,0,0,0,0,0,2,0,2,0,0,2,0,0,0,0,2,0,0,0,0,0,0,0,0,2,0,0,0,0,2,2,0,0,0,2,2,2,2,0,0,2,0,0,0,0,2,0,2,0,0,2,2,0,0,0,2,0,0,0,0,0,2,0,2,2,0,0,0,0,0,0,0,2,0,0,0,0,0,2,0,0,0,0,0,2,1,0,0,0,0,0,0,0,2,0,0,0
"DT133",0,0,0,0,0,2,0,0,0,0,0,0,0,0,0,0,0,0,0,0,2,0,0,0,0,2,2,0,0,0,0,1,0,0,0,2,0,2,2,0,0,0,0,0,2,0,0,2,0,0,0,0,0,2,0,0,2,0,0,0,0,2,0,0,0,0,2,0,0,0,2,2,0,0,0,0,2,0,0,0,0,2,0,0,2,2,2,0,0,0,0,0,0,0,0,0,2,0,0,2,0,0,0,2,0,0,0,0,0,0,0,2,2,0,0,0,0,0,2,2,0,0,0,0,2,0,0,0,2,2,2,0,2,0,2,0,0,0,2,2,2,0,0,0,0,0,2,0,0,0,0,0,0,0,0,0,0,0,0,2,0,0,0,2,0,0,0,2,0,2,0,0,0,0,0,0,0,0,0,0,0,2,2,0,0,0,0,0,2,0,0,0,0,0,0,0,0,2,0,2
"DT134",2,0,0,0,0,0,0,2,0,0,0,0,2,0,0,0,0,0,0,0,2,0,2,0,2,0,2,0,2,0,0,1,2,0,0,0,2,2,0,2,2,0,2,0,0,0,2,0,0,2,0,2,0,0,0,2,0,0,0,0,2,2,0,0,0,0,0,2,2,0,2,2,2,0,2,0,2,0,0,2,0,0,0,0,0,0,0,0,2,0,0,0,0,2,0,0,2,2,2,2,0,2,0,0,2,0,0,0,0,0,0,0,2,0,2,2,0,0,2,0,0,0,0,0,2,0,0,0,0,0,2,0,2,0,0,0,0,0,2,2,2,0,2,0,0,2,2,0,0,0,0,0,0,0,0,2,2,2,0,0,0,0,2,0,0,0,0,2,0,2,0,2,0,0,0,0,2,0,2,2,0,0,0,2,2,2,0,0,0,0,2,0,2,0,0,0,0,2,0,0
"DT135",2,0,0,0,2,0,0,0,0,1,0,0,0,0,2,0,0,0,0,0,2,0,0,2,0,2,0,0,0,0,0,0,2,0,0,0,2,0,0,2,0,0,0,0,0,0,0,0,0,0,0,2,2,0,2,0,0,0,0,0,2,2,0,0,1,0,0,0,0,0,2,2,0,0,2,0,2,2,0,0,0,0,0,2,0,0,0,0,2,0,0,2,2,2,2,0,0,0,0,2,0,0,0,0,0,0,0,0,0,0,0,0,2,0,0,0,0,0,2,2,2,0,0,0,2,2,2,0,2,0,2,0,2,2,0,2,0,0,0,0,0,0,0,0,2,2,0,2,0,0,2,0,0,2,2,2,0,0,2,2,2,0,0,0,0,0,2,0,0,0,2,0,0,0,0,0,2,0,0,0,2,0,0,2,0,0,2,2,2,0,0,0,2,0,2,0,2,2,0,0
"DT137",0,0,0,0,0,0,0,2,0,2,0,0,0,2,0,0,0,0,0,0,0,0,0,0,2,2,0,0,2,0,0,2,0,0,0,0,0,2,0,2,0,0,0,2,2,1,0,2,0,2,0,0,0,0,0,2,2,2,0,0,0,2,0,0,0,0,0,0,0,2,2,0,0,0,0,0,0,0,0,0,2,2,0,0,0,2,2,2,0,0,0,0,0,0,0,2,0,0,0,0,0,0,2,0,0,0,0,0,2,0,0,0,2,0,0,0,0,0,2,0,0,0,0,0,2,0,0,0,2,0,2,0,0,2,0,0,0,0,2,2,0,0,2,2,0,2,0,0,0,2,0,0,0,0,0,0,0,2,0,2,0,0,0,0,0,0,0,0,0,2,2,2,0,0,0,0,2,0,0,0,0,0,0,0,0,0,0,0,2,2,0,0,0,0,0,0,0,2,0,2
"DT140",0,2,0,0,0,0,2,0,0,0,0,0,0,0,2,0,0,0,0,0,0,0,0,0,0,2,0,0,2,0,2,0,0,0,2,2,2,0,2,0,0,0,0,2,0,0,0,0,2,2,0,0,0,0,0,0,2,2,0,0,2,2,0,0,1,0,0,0,2,0,0,0,0,0,0,0,0,2,0,0,0,0,0,0,0,0,0,0,0,0,0,0,0,0,0,2,0,0,0,0,0,0,2,0,0,2,0,2,0,2,0,0,2,0,0,0,0,0,2,0,0,2,0,0,0,0,0,0,0,0,2,2,0,2,0,0,0,2,2,2,2,0,0,0,2,0,0,2,2,2,2,0,0,2,2,0,0,0,2,0,2,0,0,0,0,0,2,0,0,0,0,2,0,0,0,0,0,0,0,0,0,2,0,2,2,0,0,0,0,0,0,0,0,0,0,0,0,0,2,0
"DT141",0,0,0,0,0,0,2,0,0,0,0,0,0,0,0,0,0,0,0,0,2,0,0,2,0,2,0,0,0,0,0,0,0,0,2,0,0,0,0,2,0,2,2,2,0,0,0,0,0,0,0,0,0,0,2,0,0,0,2,2,2,2,0,2,0,0,0,0,2,2,2,2,0,0,0,0,0,0,0,0,0,0,0,0,2,0,0,0,0,0,0,0,0,0,0,0,2,0,0,2,0,0,0,2,0,0,0,0,2,0,0,0,0,2,2,0,0,0,0,2,2,0,0,0,0,2,2,0,2,0,2,0,2,0,2,0,0,0,0,0,0,0,0,0,0,0,0,0,0,0,0,0,0,0,0,0,0,0,0,0,0,0,0,0,0,0,0,2,0,0,0,2,0,0,2,2,0,0,2,2,2,2,2,2,1,2,0,2,0,2,2,0,2,2,0,0,2,0,0,0
"DT142",0,0,0,0,0,2,0,2,0,0,0,0,0,2,0,0,0,0,0,0,0,0,0,2,0,2,2,2,0,0,0,0,0,0,0,2,2,0,2,0,0,2,2,2,0,0,0,0,0,0,0,0,0,0,0,0,0,0,0,0,0,0,0,0,0,0,0,0,0,2,2,2,0,2,0,0,2,0,0,0,0,2,2,0,2,2,2,0,0,2,0,0,0,0,0,0,0,0,0,2,0,0,0,2,0,0,0,0,2,0,0,2,0,2,0,0,0,0,0,2,0,0,0,0,0,0,2,0,2,0,0,0,0,0,0,0,0,0,0,0,0,0,0,0,2,0,2,2,0,0,0,0,0,0,0,0,0,0,2,2,0,0,0,0,0,0,0,2,0,0,0,2,0,0,0,0,2,0,2,0,2,0,2,2,2,0,0,0,0,0,0,0,0,0,0,0,0,0,0,0
"DT143",0,0,2,0,0,2,0,2,0,1,0,0,2,0,0,0,0,0,0,0,0,0,2,2,2,0,2,0,2,0,0,0,0,0,0,0,0,2,0,0,0,2,0,2,0,1,0,2,0,2,2,0,0,0,0,0,0,2,0,0,2,2,0,2,2,0,0,0,0,0,0,0,0,0,0,0,0,0,2,2,0,2,2,0,2,0,2,0,0,0,0,0,0,0,0,0,0,2,2,2,0,0,2,0,0,0,0,0,2,0,0,0,2,2,2,2,2,2,2,0,0,0,0,2,2,0,0,0,2,0,0,0,0,0,0,0,0,0,2,2,2,0,0,0,0,0,2,0,2,2,0,0,0,0,0,0,0,2,0,0,0,0,0,0,0,2,0,0,2,0,0,0,0,2,0,2,2,0,0,0,0,0,0,0,0,2,0,0,2,2,2,0,2,2,0,0,0,0,0,0
"DT146",0,0,0,0,0,0,0,2,0,0,0,0,0,0,0,0,0,0,0,0,0,0,0,0,0,2,2,2,0,0,0,0,2,0,0,2,2,0,2,0,0,2,2,2,0,0,0,0,0,2,0,2,0,0,0,0,2,0,0,0,0,0,0,0,1,0,0,0,0,0,0,0,0,0,2,0,2,0,0,0,0,0,2,0,0,0,0,0,0,0,0,0,2,0,2,0,2,2,2,2,0,0,0,0,0,0,0,0,0,0,0,0,0,0,2,0,0,0,0,0,0,0,0,0,0,2,0,0,2,2,0,0,0,0,0,0,0,0,2,2,2,0,0,0,2,0,0,2,2,0,2,0,0,2,2,0,0,2,2,0,0,0,0,0,0,0,2,0,0,0,0,0,0,0,0,2,0,0,0,2,2,0,0,2,0,2,0,0,1,0,2,2,2,2,0,0,0,0,0,0
"DT147",2,2,0,0,0,2,2,0,0,1,0,2,0,0,2,0,2,0,0,0,2,0,2,0,0,0,2,2,0,0,0,1,0,0,2,2,2,0,2,0,0,0,2,2,2,0,0,0,0,2,0,0,2,0,2,0,0,0,0,0,0,0,0,0,1,0,0,0,0,0,0,0,0,0,0,0,0,0,2,0,0,2,2,0,2,0,2,0,0,0,0,0,2,2,2,0,0,0,0,2,0,0,0,0,0,0,2,0,0,0,0,0,0,0,0,0,0,0,0,2,0,2,0,2,0,0,0,0,2,0,2,0,2,2,2,0,0,0,0,0,0,0,0,0,2,2,0,2,2,0,0,0,0,0,0,0,0,0,2,0,0,0,0,0,0,0,0,0,0,0,0,2,0,0,0,2,0,0,2,2,2,0,2,0,0,0,0,0,2,2,0,0,0,0,0,0,0,0,0,0
"DT148",0,0,0,0,0,1,0,0,2,0,0,0,2,0,0,0,0,0,0,0,2,0,0,0,0,2,0,1,1,0,1,0,0,0,0,2,2,0,2,0,0,0,2,2,0,1,0,0,0,0,2,2,2,2,2,0,0,2,0,0,2,2,0,2,2,2,0,0,0,0,1,0,0,2,2,0,2,0,0,0,2,2,2,0,2,0,2,0,0,0,0,0,2,0,2,0,0,2,0,2,0,0,0,2,0,0,0,0,2,0,0,2,0,0,0,0,2,2,0,2,0,0,0,0,0,0,0,0,2,2,2,0,2,0,2,0,0,0,2,2,2,0,0,0,2,2,0,2,2,2,0,0,0,0,0,0,0,0,0,0,0,0,0,0,0,2,0,0,1,0,0,0,0,0,0,0,2,0,0,0,2,0,0,2,2,2,0,0,0,0,2,2,2,0,0,0,0,0,0,0
"DT149",0,0,0,2,0,0,2,2,2,1,0,2,0,0,0,0,0,0,0,0,0,0,2,2,0,0,0,0,0,0,0,0,0,0,2,2,0,2,2,0,0,0,0,2,0,1,2,0,0,2,0,2,0,0,0,0,0,0,0,0,0,0,0,0,1,0,0,0,0,0,2,2,0,0,0,0,0,2,0,2,0,0,0,0,2,0,0,0,0,0,0,0,0,0,0,2,2,2,2,2,0,0,0,0,0,0,2,0,0,0,0,2,0,0,2,0,0,0,2,0,0,2,2,2,0,2,0,0,2,2,0,0,2,0,2,0,0,2,0,0,0,0,0,2,2,0,0,2,2,0,0,0,0,0,0,0,0,0,0,2,0,0,0,2,0,0,0,0,0,1,0,0,0,2,0,2,0,2,0,2,0,0,0,0,0,0,2,2,0,0,0,2,2,2,0,2,2,0,0,0
"DT152",0,0,0,0,0,2,2,2,0,0,0,0,2,0,0,0,2,0,0,0,2,0,0,2,2,2,0,2,0,0,0,1,0,2,2,0,0,0,0,2,0,0,0,2,2,0,0,0,0,0,0,2,0,0,0,0,0,0,0,0,0,0,0,2,0,0,0,0,0,0,2,0,0,0,2,0,0,0,2,0,0,2,0,0,0,0,2,0,0,0,2,0,2,0,2,0,2,0,0,0,0,0,0,0,2,0,0,0,2,0,0,0,2,0,0,0,0,0,0,0,2,0,2,2,0,2,0,0,2,0,2,0,2,0,2,0,0,0,2,2,0,0,0,2,0,0,2,0,0,2,0,0,0,0,0,2,0,0,0,0,0,0,0,0,2,2,0,0,0,2,0,2,0,0,0,2,2,0,0,2,0,0,0,0,2,0,2,0,0,2,2,0,2,0,2,0,0,0,0,0
"DT154",2,0,0,0,0,0,0,0,0,0,0,0,0,0,0,0,0,0,0,0,0,0,0,0,0,2,2,0,0,0,0,1,0,0,2,0,2,0,0,2,0,2,2,0,2,0,0,0,0,0,0,0,2,0,2,2,2,0,0,0,2,2,0,0,0,0,0,0,0,0,0,0,0,0,0,0,0,0,0,0,0,2,0,2,0,2,2,2,0,0,0,2,2,2,2,0,0,0,0,0,0,0,2,0,0,0,0,0,2,0,0,0,2,0,0,0,0,0,2,2,0,0,0,0,0,2,0,0,0,2,2,2,0,0,0,0,0,0,0,0,0,0,0,0,2,2,0,2,2,0,2,0,0,2,2,2,0,0,2,2,2,0,2,0,0,0,2,2,0,2,0,0,0,0,0,0,2,0,0,0,0,0,0,0,0,0,0,0,1,2,0,0,0,0,0,0,0,0,0,0
"DT158",2,0,0,0,0,0,0,0,0,2,0,0,0,2,0,0,0,0,0,2,0,2,0,2,0,2,0,0,0,0,0,1,0,0,0,0,2,0,0,0,0,2,0,0,2,0,0,0,0,0,0,0,2,0,2,2,0,0,2,2,2,2,0,0,0,0,0,0,0,0,0,0,0,0,2,2,0,0,0,0,0,2,0,2,0,0,2,2,0,0,0,2,0,2,0,2,0,2,2,0,0,0,0,2,0,0,0,0,2,0,0,0,2,0,0,0,0,0,0,2,0,0,0,0,0,2,0,0,0,2,2,2,0,0,0,2,0,0,0,0,0,0,0,0,0,2,0,0,2,0,0,0,0,0,0,0,0,2,2,0,2,0,0,0,2,0,0,0,0,2,0,0,0,0,0,0,2,0,0,2,0,0,0,0,2,0,0,0,0,2,0,0,2,0,2,0,0,2,0,2
"DT159",0,0,0,0,0,2,0,2,0,0,0,0,0,0,0,0,0,0,0,0,0,0,0,0,2,0,2,2,0,0,0,0,0,0,0,0,0,0,0,0,0,0,2,0,0,0,0,2,0,0,0,0,0,0,0,0,0,2,0,0,2,2,0,0,0,0,0,0,2,0,0,2,0,0,0,0,0,0,0,0,0,0,2,2,0,0,0,0,0,0,0,2,0,0,0,2,0,0,0,0,0,0,2,0,0,0,0,0,0,0,0,0,0,0,0,0,0,0,2,2,0,0,0,0,2,2,0,0,2,0,2,0,0,0,0,0,0,0,0,0,0,0,2,0,0,2,0,0,0,0,0,0,0,0,0,2,0,0,0,0,0,0,2,0,0,0,0,0,0,0,0,2,0,0,0,0,0,0,0,0,0,0,0,2,0,0,0,0,2,0,0,0,0,0,0,0,0,2,1,0
"DT160",0,0,0,0,0,0,0,2,0,0,0,2,0,0,1,0,0,0,0,0,2,0,0,0,0,2,2,2,0,0,0,0,0,0,2,0,2,0,0,2,0,0,2,2,0,1,0,0,0,2,0,0,0,0,0,0,0,0,0,0,0,0,0,0,0,0,0,0,0,0,0,0,0,0,0,0,0,0,0,0,2,2,0,0,2,2,2,0,0,2,0,0,0,0,0,2,2,0,0,2,0,0,2,0,0,2,2,2,2,2,0,0,2,2,0,0,2,2,0,2,0,2,0,0,0,0,0,0,2,0,2,0,2,0,2,2,0,0,0,0,0,0,0,0,2,0,0,2,0,0,0,0,0,0,0,2,0,0,2,2,0,0,0,0,0,0,0,2,2,2,0,2,0,0,0,0,2,0,0,0,0,0,2,0,0,2,0,0,0,2,2,0,0,0,0,0,0,0,0,0
"DT164",0,0,0,0,0,0,2,0,0,0,0,0,2,0,0,0,0,0,0,0,2,0,2,0,0,0,0,0,2,0,0,1,0,0,2,0,2,0,0,2,0,0,0,2,0,1,0,2,0,0,0,2,0,0,0,0,2,0,0,0,0,0,0,0,0,0,2,0,0,2,2,2,0,0,0,0,0,0,0,0,2,2,0,2,0,0,2,0,0,0,0,2,0,0,0,2,0,0,0,2,0,0,0,0,0,0,0,0,2,0,0,0,0,2,0,0,0,0,0,0,0,0,0,2,0,0,0,0,2,0,0,0,2,0,2,0,0,0,2,2,2,0,2,0,0,0,2,0,0,0,0,0,0,0,0,0,0,2,0,0,0,0,0,0,2,2,0,2,0,0,0,2,0,0,0,0,2,0,0,2,2,0,0,0,0,2,0,0,1,0,2,0,2,0,0,0,0,0,2,0
"DT165",0,2,0,2,0,0,2,0,0,2,0,0,2,2,0,0,0,0,0,0,2,0,0,0,0,0,0,0,2,0,0,0,2,0,2,0,2,0,0,2,0,0,0,0,2,1,0,2,0,0,0,2,0,2,0,0,2,0,0,0,2,2,0,0,0,0,0,0,0,2,2,0,0,0,0,0,2,0,2,2,0,2,0,0,2,0,2,2,0,0,0,0,0,0,0,2,0,0,0,2,0,0,0,0,2,0,0,0,2,0,0,0,0,0,0,0,0,0,0,2,0,0,0,0,0,0,0,0,2,0,2,0,2,0,2,0,0,0,2,2,0,0,2,0,0,2,2,0,2,0,0,0,0,0,0,0,0,0,0,0,2,0,2,0,2,2,0,0,0,0,0,0,0,0,0,0,2,0,0,2,2,0,0,2,0,0,0,0,2,2,0,0,2,0,0,0,0,0,2,0
"DT166",0,0,2,0,0,0,2,0,0,0,0,2,0,0,0,0,2,0,0,0,0,0,2,0,0,0,2,0,0,0,0,2,2,2,0,2,0,2,2,0,0,0,0,0,0,0,0,0,0,0,0,2,0,2,0,0,2,2,2,2,0,0,0,2,1,0,2,0,0,0,0,0,0,0,2,0,0,0,0,2,2,2,0,2,0,2,2,0,0,0,0,2,2,0,2,0,0,0,0,2,0,0,2,0,0,0,0,0,0,0,0,2,0,0,0,0,0,2,2,0,0,0,0,0,2,0,0,0,2,0,0,0,0,0,0,2,0,0,2,2,0,0,0,2,2,0,0,2,0,2,0,0,0,0,0,2,0,0,0,0,0,0,0,0,0,0,0,0,0,1,0,2,0,2,0,2,2,0,0,0,0,0,0,0,0,2,2,2,0,2,2,2,2,0,0,0,2,2,0,2
"DT167",2,0,0,0,0,2,0,0,2,1,0,0,0,0,2,2,0,0,0,0,2,0,0,0,0,2,2,0,0,0,0,0,2,0,0,2,0,0,2,0,0,2,0,2,2,1,0,0,0,2,2,2,2,0,2,0,0,0,2,2,0,0,0,0,0,2,2,0,2,0,0,0,0,0,0,0,0,2,2,0,0,0,2,0,2,0,0,0,2,0,0,0,2,2,2,0,2,2,2,0,2,0,2,0,0,2,0,2,0,0,0,0,0,0,0,0,0,0,2,2,0,0,0,0,2,0,0,0,2,0,0,0,2,2,2,0,0,0,0,0,0,2,0,0,2,2,0,2,0,0,0,2,0,0,0,0,2,2,0,2,0,0,0,0,0,0,0,0,0,0,0,2,0,0,0,0,0,0,0,2,2,2,0,0,0,2,0,0,2,0,2,0,0,0,0,0,0,0,0,0
"DT169",0,0,0,0,0,2,0,0,0,0,0,0,0,0,0,0,0,0,0,0,2,0,0,0,0,2,0,0,2,0,0,0,0,0,0,0,0,0,2,0,2,2,2,0,0,0,0,0,0,0,0,0,0,2,0,0,2,0,0,0,0,0,0,2,0,0,0,0,0,0,2,2,0,2,0,0,2,0,0,0,2,2,0,0,0,0,2,0,0,0,0,0,0,0,0,0,0,0,0,0,0,0,0,0,0,0,0,0,2,0,0,0,0,0,0,0,0,0,2,0,0,0,0,0,2,2,0,0,0,0,0,0,2,2,0,0,0,0,0,0,0,0,2,0,0,2,0,0,0,0,0,0,0,0,0,2,0,0,2,0,0,0,0,0,0,0,0,2,0,0,0,0,0,0,0,2,0,0,0,2,2,0,0,0,0,2,0,0,0,0,2,0,0,0,0,0,0,2,2,2
"DT17",2,0,0,0,0,0,0,0,0,0,0,0,0,0,0,0,0,0,0,0,0,0,2,2,2,0,2,0,2,0,0,0,2,2,0,0,2,0,2,0,0,0,0,2,0,0,0,0,2,0,0,0,0,0,0,0,0,0,0,0,2,2,0,0,0,0,0,0,2,0,0,0,0,0,0,0,2,0,0,0,0,0,0,0,0,0,0,0,0,0,0,0,0,2,0,2,0,2,2,2,0,0,2,0,0,0,0,0,0,2,0,0,0,0,2,0,0,0,2,2,0,2,0,0,2,2,0,0,2,0,0,0,0,0,0,0,0,0,0,0,0,0,2,2,0,2,0,0,2,2,2,0,0,2,2,2,0,0,2,0,0,0,0,0,2,0,2,0,2,0,0,2,0,0,0,0,0,2,0,0,0,0,2,0,0,2,0,0,0,0,2,0,0,0,0,0,0,0,2,0
"DT170",0,0,0,0,0,0,0,0,0,0,0,0,2,0,0,0,0,0,0,0,0,0,0,0,0,0,0,2,0,0,0,0,0,0,2,0,0,2,0,2,0,2,2,0,2,0,0,0,0,0,0,0,0,0,0,0,2,0,0,0,0,0,0,0,0,0,0,0,2,0,0,0,0,0,0,0,0,0,0,0,0,0,0,0,2,0,0,0,0,0,0,0,0,0,0,0,0,2,2,2,0,0,2,0,2,0,2,0,2,0,0,0,0,0,0,0,0,0,0,0,0,0,0,0,0,2,2,0,0,0,2,2,0,2,0,0,2,2,2,2,2,0,0,0,2,0,2,2,2,0,0,0,0,0,0,2,0,0,0,0,0,0,2,0,0,2,0,0,0,2,0,2,0,0,0,0,0,0,0,2,0,0,0,0,0,2,0,0,2,2,2,0,0,0,0,0,0,0,0,0
"DT171",2,0,0,0,2,0,0,0,0,1,0,0,0,0,1,0,0,0,0,0,2,0,0,0,0,2,0,0,0,0,0,1,0,0,0,0,0,0,0,2,0,2,0,2,0,0,0,0,0,0,0,2,0,0,0,0,0,0,0,0,2,2,0,0,1,2,2,0,0,0,2,0,0,0,2,0,0,2,0,0,2,0,2,2,0,0,0,0,2,0,0,2,2,2,2,0,0,2,2,2,0,0,0,0,0,0,2,0,0,0,0,0,2,0,0,2,0,0,0,2,2,0,0,0,0,2,2,0,2,0,2,0,2,2,0,0,0,0,0,0,0,0,0,2,2,2,0,2,0,0,0,0,2,0,0,2,0,0,0,2,2,0,2,0,0,0,0,0,0,0,2,0,0,0,0,0,2,0,0,0,2,0,0,0,2,2,0,2,0,0,2,0,0,0,0,0,2,0,2,0
"DT172",2,0,0,0,0,0,0,0,0,1,0,0,2,2,2,2,0,0,0,0,0,0,0,2,0,0,2,0,0,0,0,1,0,0,0,2,0,0,2,0,0,0,0,0,0,0,0,0,0,0,2,0,2,2,2,0,0,0,0,0,0,0,0,2,1,2,0,0,0,0,0,2,0,0,0,0,2,0,0,0,0,0,0,0,2,0,0,0,0,0,0,0,0,2,0,0,0,0,0,0,2,0,0,0,0,0,2,0,0,0,0,2,0,0,0,0,0,0,2,2,0,0,0,0,2,0,0,0,2,2,0,0,0,2,0,0,0,0,2,2,0,0,0,0,2,2,0,0,0,2,0,0,0,0,0,2,0,0,2,0,0,0,2,0,0,2,0,0,0,0,0,0,0,0,0,0,0,0,0,0,2,2,0,2,2,2,0,0,0,2,2,0,2,0,0,0,0,2,0,0
"DT174",2,0,0,0,0,0,0,0,0,2,0,0,0,2,0,0,2,0,0,0,0,0,0,0,2,2,2,0,0,0,0,0,0,0,0,2,0,2,2,0,0,2,0,2,0,0,0,0,0,2,0,0,0,0,0,0,2,0,0,0,0,2,0,0,0,2,0,0,2,2,2,2,0,0,0,0,0,2,0,2,0,0,0,0,2,0,0,0,2,0,0,0,0,2,0,0,2,0,0,2,0,0,2,0,0,0,0,0,2,0,0,0,0,0,2,0,0,0,2,0,0,0,0,0,0,2,0,0,2,0,2,0,0,2,0,0,0,2,2,2,2,0,0,0,2,0,0,0,0,0,0,0,2,0,0,0,0,0,0,0,0,0,0,0,0,0,0,0,2,2,0,0,0,0,0,2,0,0,0,0,0,0,0,2,0,0,0,0,2,2,0,0,0,0,0,0,0,2,2,0
"DT175",0,0,0,0,0,2,0,0,0,0,0,0,0,0,0,0,0,0,0,0,2,0,0,0,0,2,0,0,0,0,0,0,0,0,0,0,0,0,0,2,2,2,0,2,0,1,0,0,0,0,0,0,0,2,0,0,2,0,0,0,0,0,0,2,0,0,0,0,0,0,2,2,0,0,0,0,0,0,0,2,2,2,0,2,0,0,2,0,0,0,0,2,0,0,0,0,2,0,0,2,0,0,0,0,2,0,2,0,2,0,0,0,0,0,0,0,0,0,2,0,0,0,0,0,2,2,0,0,0,0,0,0,2,0,0,0,0,2,0,0,0,0,0,0,0,0,2,0,0,0,0,0,2,0,0,0,0,0,2,0,0,0,0,2,0,0,0,2,2,0,0,0,0,0,0,2,0,0,0,2,2,2,0,2,0,0,2,0,2,2,0,0,0,0,0,0,0,0,0,0
"DT176",0,0,0,0,0,0,0,0,0,0,2,0,0,0,1,0,0,0,0,0,2,0,0,0,0,2,0,0,0,0,0,2,0,0,0,0,0,0,0,0,2,2,0,2,0,1,0,0,0,0,0,0,0,2,0,0,2,0,0,0,2,2,0,2,0,0,0,0,0,0,0,2,0,2,0,0,0,2,0,0,0,2,0,0,0,0,2,0,0,0,0,0,0,0,0,0,0,0,0,0,0,0,0,0,0,0,2,0,2,0,0,0,0,2,0,0,0,0,2,0,0,0,0,0,2,0,0,0,0,0,0,0,2,0,0,0,0,0,0,0,0,0,0,0,2,2,0,2,0,0,0,2,2,0,0,0,2,2,2,0,0,0,0,2,0,0,0,2,2,0,0,0,0,0,0,2,0,0,0,2,2,2,0,2,0,2,2,2,2,0,2,0,2,0,2,0,2,0,0,0
"DT177",2,0,0,0,0,2,2,2,0,0,0,0,0,0,0,0,2,0,0,2,0,2,2,0,2,0,0,2,0,0,0,0,0,2,2,0,2,0,0,2,0,0,0,2,0,0,0,0,0,0,0,0,0,0,0,0,0,2,0,0,2,2,0,0,0,0,0,0,0,0,2,2,0,2,0,2,0,2,0,0,2,0,2,0,2,0,0,0,0,0,0,0,0,2,0,2,2,0,0,2,0,0,0,0,0,2,0,2,2,0,0,0,2,0,2,0,0,0,0,0,0,0,2,0,0,2,2,0,0,2,2,2,0,0,0,0,0,0,2,2,2,0,0,2,2,0,0,2,2,0,2,0,0,2,2,0,0,0,2,0,0,0,2,0,2,0,2,2,0,2,0,0,0,0,0,2,0,0,0,0,0,0,0,0,0,2,0,0,2,0,2,0,0,0,0,0,0,0,0,0
"DT178",2,0,0,0,0,2,2,0,0,2,0,0,0,0,0,2,0,2,0,0,0,0,0,0,0,2,0,0,0,0,0,0,0,0,2,0,0,0,0,0,0,2,0,2,0,0,0,0,0,0,0,0,2,2,2,0,0,0,0,0,2,2,0,2,0,0,0,0,0,0,0,0,0,0,0,0,0,2,0,0,0,2,2,0,2,0,2,2,2,0,0,0,0,2,0,2,2,0,0,0,0,0,2,0,0,0,0,0,0,0,0,0,2,0,0,0,0,0,0,0,0,0,2,0,0,0,2,0,0,0,2,0,0,0,0,0,0,2,0,0,0,0,0,0,2,0,0,2,0,0,0,0,0,0,0,2,0,0,0,0,0,2,2,0,2,0,0,2,0,2,2,0,0,0,0,2,2,0,0,0,0,0,2,0,2,0,2,0,0,2,0,0,0,0,0,0,0,2,0,2
"DT18",2,0,0,0,0,2,0,2,0,0,0,0,0,0,0,0,0,2,0,0,0,0,2,2,0,0,2,2,0,0,0,0,0,0,2,2,0,0,2,0,0,2,2,0,0,0,2,2,0,0,0,0,0,0,0,0,2,0,0,0,2,2,0,2,0,0,0,0,2,0,0,2,0,0,2,0,0,0,0,0,0,0,0,0,0,0,0,0,0,0,1,0,0,2,0,0,2,0,0,0,0,0,0,0,0,0,0,0,0,0,0,0,0,0,0,0,0,0,0,2,0,0,0,0,0,0,0,0,2,0,2,0,0,2,0,0,0,0,0,0,0,0,2,0,0,2,2,0,0,0,0,0,0,0,0,2,0,0,0,0,0,0,2,2,0,0,0,0,0,0,0,2,0,2,0,0,2,0,0,2,0,0,0,0,0,0,2,0,2,0,0,0,0,0,0,0,0,2,0,0
"DT181",2,0,0,0,0,0,0,2,2,0,0,0,0,0,0,0,0,0,0,0,2,0,2,0,0,0,0,2,0,0,0,1,0,0,0,2,0,0,2,0,0,0,0,2,0,0,0,0,0,0,0,2,0,2,0,0,0,2,2,0,0,0,2,0,1,0,2,0,0,0,2,2,0,2,0,0,0,0,2,2,0,0,2,0,0,0,0,0,0,0,0,0,2,2,2,0,0,0,0,2,0,0,0,0,0,2,0,2,0,0,0,0,0,0,0,0,0,0,2,0,0,0,2,0,2,2,0,0,0,0,0,0,2,2,2,0,0,2,0,0,0,0,0,2,2,0,0,2,0,0,0,0,0,0,0,2,0,0,0,0,0,0,2,2,0,0,0,2,0,2,0,2,0,0,0,0,0,0,0,0,0,2,0,2,0,0,0,0,0,2,0,0,0,0,0,0,0,0,0,0
"DT182",2,0,0,0,0,0,0,0,0,2,0,2,0,0,0,0,0,2,2,2,2,2,2,0,0,0,2,0,2,0,2,1,0,0,0,2,2,0,2,0,0,2,0,2,0,0,2,0,0,2,0,0,0,0,0,0,2,0,0,0,0,0,0,0,0,0,2,2,0,0,0,0,0,0,2,2,2,0,0,0,0,0,0,0,2,0,0,0,0,2,0,0,2,2,2,0,2,0,0,2,0,0,0,0,0,0,0,0,0,0,0,0,0,0,0,0,0,0,0,2,0,2,0,0,0,0,0,0,0,0,2,0,2,0,0,0,0,0,2,2,2,0,0,0,2,0,0,2,2,0,2,0,0,2,2,0,0,0,2,2,2,0,0,2,0,0,2,0,2,0,0,0,0,0,2,0,0,0,0,0,2,0,2,0,1,2,0,0,0,0,2,0,0,0,0,0,0,2,0,0
"DT183",0,0,0,2,0,0,0,2,0,0,0,0,0,0,1,2,0,0,0,0,2,0,0,0,2,2,0,2,0,0,0,1,0,0,2,0,2,0,0,2,0,2,0,0,2,1,0,0,0,0,0,0,2,2,2,0,0,0,0,0,0,0,0,0,0,0,2,0,0,0,0,2,0,2,2,0,0,0,2,0,0,0,2,0,2,0,0,0,0,0,0,0,0,0,0,0,2,2,2,0,0,0,0,0,0,0,2,0,0,0,0,0,0,0,0,0,0,0,2,2,0,0,0,0,0,0,0,0,0,2,0,2,2,2,0,0,0,0,0,0,0,0,0,0,2,0,0,2,0,0,0,0,0,0,0,2,0,0,0,2,0,0,2,0,0,0,0,0,0,2,0,0,0,2,0,2,0,0,0,2,0,2,0,2,0,2,0,2,2,2,2,0,2,0,0,0,0,0,2,0
"DT184",1,2,0,1,0,1,1,2,1,1,0,1,1,0,0,0,0,0,1,1,1,1,1,0,0,0,2,0,0,2,0,0,0,0,0,2,2,2,1,0,0,0,2,2,0,1,0,0,0,0,2,0,2,0,2,0,1,0,0,0,0,0,0,1,1,0,1,1,0,0,1,2,0,0,0,2,0,0,0,0,0,1,0,0,2,0,1,1,0,0,0,0,0,1,0,0,2,2,2,1,0,0,0,1,2,2,0,2,1,0,0,1,0,0,2,0,0,0,2,1,0,1,0,0,0,2,0,0,0,0,1,0,1,0,1,0,0,1,0,0,0,0,1,2,0,2,2,0,2,0,0,0,0,0,0,0,0,0,0,0,2,1,0,0,1,1,0,0,1,0,1,2,0,0,2,1,1,0,0,0,2,1,0,1,2,1,1,0,0,1,2,1,1,1,0,0,0,0,1,0
"DT185",0,2,0,2,0,2,0,2,0,1,0,2,0,2,0,0,0,0,0,0,0,0,2,0,0,0,2,0,0,0,0,0,0,0,0,0,2,2,0,0,0,0,2,2,0,1,0,0,0,0,2,0,2,0,2,0,2,0,0,0,0,0,0,0,1,0,0,0,0,0,2,2,0,0,0,0,0,0,0,0,0,0,0,0,2,0,0,0,0,0,0,0,0,0,0,0,2,2,2,0,0,0,0,0,2,2,0,2,0,0,0,0,0,0,2,0,0,0,2,2,0,2,0,0,0,2,0,0,0,0,0,0,0,0,0,0,0,0,0,0,0,0,0,0,0,2,0,0,2,0,0,0,0,0,0,0,0,0,0,0,2,2,0,0,2,0,0,0,0,0,0,2,0,0,2,0,2,0,0,2,2,0,0,2,2,0,0,0,0,2,2,2,2,2,0,0,0,0,0,0
"DT186",0,0,0,0,0,0,0,0,0,0,0,0,0,2,0,0,0,0,0,0,2,0,0,0,2,0,0,0,0,0,0,1,0,0,0,0,2,0,0,0,0,0,0,2,0,1,2,0,2,0,2,0,0,0,0,0,0,0,0,0,2,2,0,2,0,0,0,0,0,2,2,0,0,0,0,0,0,2,0,2,0,0,0,0,0,0,0,0,2,0,2,0,0,0,0,2,0,0,0,2,2,0,0,0,0,0,2,0,2,0,0,0,0,2,2,0,0,0,2,0,2,0,0,0,2,2,0,0,0,0,2,0,2,0,0,0,0,0,0,0,0,0,0,2,2,0,0,0,0,0,0,0,0,0,0,2,0,0,0,2,0,0,2,0,0,0,0,0,2,1,0,0,0,0,0,0,0,0,0,0,0,0,0,2,2,0,2,0,0,0,0,0,2,0,2,0,0,0,2,0
"DT187",2,0,0,0,2,2,0,2,0,2,0,0,0,2,0,2,0,0,0,0,2,0,0,0,2,2,0,0,0,0,0,1,2,0,0,0,0,2,2,0,0,2,2,2,2,0,0,0,0,0,0,0,0,2,0,0,2,0,0,0,2,2,0,2,0,0,0,0,0,0,0,0,0,0,0,0,2,0,2,2,0,0,0,0,2,0,0,2,0,0,0,0,0,2,0,0,0,0,0,2,0,0,0,2,2,0,0,0,2,0,0,0,0,0,0,0,0,0,0,0,0,0,0,0,0,0,0,0,2,0,0,0,2,0,0,2,0,0,2,2,0,0,2,2,0,0,2,0,0,2,0,0,2,0,0,0,0,2,0,0,0,0,2,0,0,0,0,0,2,1,0,2,0,0,2,0,2,0,0,0,2,2,0,0,2,2,0,0,0,0,2,0,2,0,2,0,0,0,0,0
"DT188",0,0,0,0,2,2,0,2,0,0,0,0,0,0,0,0,0,0,0,0,0,0,0,0,0,0,0,0,2,0,0,1,0,0,0,2,0,2,2,0,0,2,2,2,0,0,0,0,0,0,0,0,2,2,2,0,0,0,0,0,2,2,0,0,0,0,0,0,2,2,2,2,0,2,2,0,2,0,0,0,0,2,2,2,0,0,2,0,0,2,0,2,0,0,0,0,0,0,0,2,0,0,0,0,0,0,0,0,0,2,0,0,0,0,0,0,0,0,0,0,0,0,0,0,0,0,0,0,2,2,2,0,0,2,0,0,0,0,2,2,0,0,0,2,2,0,0,2,2,0,0,0,0,0,0,0,0,0,0,0,2,0,2,0,2,0,0,2,0,1,2,0,0,0,0,2,2,0,0,2,0,0,0,2,1,0,0,2,0,0,0,0,0,0,0,0,2,0,0,0
"DT189",2,0,0,0,0,2,0,0,0,0,0,0,0,0,0,0,0,0,0,0,0,0,0,0,0,0,2,0,0,0,0,2,2,0,2,0,0,0,0,0,0,2,0,0,2,1,0,0,0,0,0,2,0,0,0,0,2,0,2,0,2,2,0,0,0,2,0,0,0,0,0,0,0,0,0,0,2,0,0,2,0,0,0,0,2,0,0,0,0,0,0,0,0,2,0,2,0,0,0,2,2,0,0,2,0,2,0,2,0,0,0,2,0,0,2,0,0,0,2,2,0,2,0,2,2,0,0,0,0,0,2,0,0,2,0,0,0,2,2,2,2,0,0,2,2,2,0,0,0,2,0,0,0,0,0,2,0,0,0,0,2,0,2,0,2,0,0,0,2,0,0,0,0,0,0,2,2,0,0,0,2,0,0,0,0,0,2,2,1,0,2,0,2,0,0,0,2,0,0,0
"DT19",2,0,0,0,0,0,0,0,0,0,0,0,0,0,0,0,0,0,0,0,0,0,2,2,2,0,2,0,2,0,0,0,2,2,0,0,2,0,2,0,0,0,0,2,0,0,0,0,2,0,0,0,0,0,0,0,0,0,0,0,2,2,0,0,0,0,0,0,2,0,0,0,0,0,0,0,2,0,0,0,0,0,0,0,0,0,0,0,0,0,0,0,0,2,0,2,0,2,2,0,0,0,2,0,0,0,0,0,0,2,0,0,0,0,2,0,0,0,2,2,0,2,0,0,2,2,0,0,2,0,0,0,0,0,0,0,0,0,0,0,0,0,2,2,0,2,0,0,2,2,2,0,0,2,2,2,0,0,2,0,0,0,0,0,2,0,2,0,2,0,0,2,0,0,0,0,0,2,0,0,0,0,2,0,0,2,0,0,0,0,2,0,0,0,0,0,0,0,2,0
"DT190",0,2,0,2,0,0,2,0,0,2,0,0,0,2,0,0,0,0,0,0,0,0,0,0,0,0,2,0,2,0,0,0,2,0,0,0,0,2,2,0,0,0,0,2,2,1,0,0,0,2,0,2,0,2,0,0,0,0,0,0,2,2,0,0,0,0,0,2,0,2,2,2,0,0,0,0,0,0,2,2,2,2,0,2,0,0,2,2,0,2,0,2,0,0,0,2,0,0,0,2,0,0,0,0,2,0,0,0,2,0,0,0,0,0,0,0,0,0,0,2,0,0,0,2,0,0,0,0,2,0,2,0,0,0,0,2,0,0,2,2,2,0,2,0,0,2,0,0,2,2,0,0,2,0,0,0,0,0,0,0,2,0,2,2,2,0,0,2,0,1,0,0,0,0,0,0,2,0,0,0,0,0,0,2,0,2,0,0,1,2,2,2,2,0,0,0,0,0,2,0
"DT192",0,0,0,0,0,0,0,2,0,0,0,0,0,0,0,0,0,0,0,0,0,0,0,0,0,2,0,0,0,0,0,0,0,0,2,0,0,0,0,0,2,2,2,0,0,0,0,0,0,2,0,2,0,0,0,0,2,0,0,0,0,0,0,2,0,0,0,2,0,0,2,0,0,2,0,0,2,0,0,2,0,2,0,0,0,0,2,2,0,0,0,0,2,0,2,0,0,0,2,0,0,0,0,0,2,0,0,0,2,0,0,0,0,0,0,0,0,0,2,0,0,0,0,0,2,2,0,0,0,0,0,0,0,0,0,0,0,0,0,0,0,0,0,0,2,2,0,2,0,0,0,0,0,0,0,2,0,2,2,2,0,0,0,0,0,0,0,2,0,1,0,0,0,0,0,2,0,0,0,2,0,0,0,0,0,0,0,0,0,2,0,0,2,0,2,0,0,2,2,2
"DT193",0,0,0,0,0,0,0,0,0,2,0,0,0,0,0,2,2,0,0,0,0,0,0,0,0,2,2,0,0,0,0,0,0,0,2,0,0,2,0,0,0,0,2,0,2,0,0,0,0,0,0,0,2,0,2,2,0,2,2,0,0,0,0,0,1,0,0,0,2,0,2,2,0,0,0,0,0,0,0,0,0,2,2,2,0,0,2,0,0,0,2,2,0,0,0,0,2,0,0,0,2,0,0,0,0,2,0,2,0,0,0,0,0,0,0,0,2,2,2,2,0,0,0,2,2,0,0,0,2,0,2,0,0,0,0,2,0,0,2,2,0,0,0,0,2,2,0,0,2,0,0,0,0,0,0,0,0,0,0,0,0,2,0,0,2,0,0,0,2,0,0,2,0,2,0,0,2,0,0,0,0,0,0,2,0,2,0,0,2,2,2,0,2,0,0,0,0,0,2,0
"DT194",0,0,0,0,0,2,2,0,0,2,0,2,0,0,0,0,2,0,0,0,0,0,0,0,0,2,2,2,0,0,0,0,0,0,2,2,2,2,2,0,0,2,0,0,0,1,2,0,0,2,0,2,0,0,0,0,2,0,2,0,2,2,0,0,0,2,0,0,0,0,0,2,0,0,0,0,0,0,0,2,0,2,2,0,2,0,2,0,0,0,0,0,2,0,2,0,0,0,0,2,0,0,0,0,2,0,0,0,2,0,0,0,0,0,0,0,2,2,0,0,0,0,0,0,0,2,0,0,2,0,2,0,0,0,0,0,0,0,0,0,0,0,0,0,2,0,0,2,2,0,0,0,2,0,0,0,0,0,0,0,0,0,0,2,0,0,0,2,0,0,0,2,0,0,2,2,0,0,2,0,2,0,2,2,0,2,2,0,1,0,0,2,2,0,0,2,0,2,2,0
"DT195",2,0,0,0,0,2,0,0,0,0,0,0,0,2,0,0,0,0,0,0,2,0,2,0,2,0,0,2,0,0,0,0,0,0,0,2,0,0,2,0,0,0,0,2,0,1,0,0,0,0,2,0,0,2,0,0,2,0,2,0,0,0,0,0,0,0,0,0,0,0,0,2,0,0,0,0,2,0,2,0,0,2,0,2,0,0,2,2,0,0,0,2,0,2,0,2,0,2,2,0,0,0,2,0,0,0,0,0,0,0,0,0,2,0,2,0,0,0,0,0,0,0,0,0,0,0,0,0,2,0,0,0,2,0,2,0,0,0,0,0,0,0,0,0,2,2,0,2,2,0,0,0,0,0,0,2,0,2,0,0,0,0,2,0,0,0,0,2,0,2,0,0,0,0,0,2,0,0,0,2,0,2,2,0,1,2,2,0,0,2,2,0,0,0,0,0,0,0,0,0
"DT196",2,0,0,0,0,2,0,0,0,0,0,0,0,2,0,0,0,0,0,0,2,0,2,0,2,0,0,2,0,0,0,0,0,0,0,2,0,0,2,0,0,0,0,2,0,1,0,0,0,0,2,0,0,2,0,0,2,0,2,0,0,0,0,0,0,0,0,0,0,0,0,2,0,0,0,0,2,0,2,0,0,2,0,2,0,0,2,2,0,0,0,2,0,2,0,2,0,2,2,0,0,0,2,0,0,0,0,0,0,0,0,0,2,0,2,0,0,0,0,0,0,0,0,0,0,0,0,0,2,0,0,0,2,0,2,0,0,0,0,0,0,0,0,0,2,2,0,2,2,0,0,0,0,0,0,2,2,2,0,0,0,0,2,0,0,0,0,2,0,2,0,0,0,0,0,2,0,0,0,2,0,2,2,0,1,2,2,0,0,2,2,0,0,0,0,0,0,0,0,0
"DT197",0,0,0,0,0,0,0,0,0,0,0,2,0,0,0,0,0,0,0,0,0,0,2,0,2,0,2,0,0,0,0,0,0,0,0,0,2,2,0,0,0,2,0,2,2,0,2,0,0,0,0,0,0,0,0,0,0,0,0,0,0,0,0,2,0,0,2,0,0,0,0,0,0,2,0,0,0,0,0,0,0,2,2,2,0,0,2,0,2,0,0,2,0,0,0,0,0,2,0,0,0,2,0,0,2,0,0,0,2,0,0,2,0,0,0,2,0,0,2,0,0,0,2,0,2,2,0,0,0,0,0,0,2,0,2,0,0,0,0,0,0,0,0,0,2,2,0,2,0,0,0,0,0,0,0,0,0,2,0,0,0,0,2,2,0,0,0,0,0,1,0,0,0,2,0,0,2,0,0,0,0,0,0,2,0,2,0,0,0,2,2,0,0,0,0,0,0,2,0,2
"DT198",0,0,0,0,0,2,0,2,0,0,0,0,0,0,0,0,0,0,0,0,0,0,0,0,0,2,2,0,0,0,0,1,2,0,0,2,0,0,2,0,0,2,0,0,2,0,2,0,0,0,0,0,2,0,2,0,2,0,0,0,0,0,0,0,0,2,0,0,0,0,0,2,0,0,0,0,2,2,2,0,0,2,0,0,2,0,2,2,0,0,0,0,0,0,0,2,2,2,2,0,0,0,2,0,0,0,2,0,0,0,0,0,0,0,0,0,2,2,0,2,0,0,0,0,0,0,0,0,0,2,0,2,0,0,0,0,0,2,2,2,2,0,0,0,2,0,2,2,0,2,0,0,2,0,0,2,0,2,0,0,2,0,2,0,0,0,0,0,0,2,0,2,0,0,0,0,0,0,0,0,0,2,0,2,0,0,0,0,1,2,0,0,0,0,0,2,0,0,0,0
"DT199",2,0,0,0,0,0,2,2,0,0,0,2,0,0,0,0,2,0,0,0,0,0,0,0,0,0,2,0,2,0,0,1,0,0,2,2,2,2,2,0,0,2,2,0,0,0,2,0,0,2,0,0,0,0,0,0,2,0,2,0,2,2,0,0,0,2,0,0,0,0,0,2,0,0,0,0,0,0,0,2,0,2,2,0,2,0,2,0,0,0,0,0,2,2,2,0,0,0,0,0,0,0,0,0,0,0,0,0,2,0,0,2,2,0,2,0,2,2,0,0,0,0,0,0,0,2,0,0,2,0,2,0,0,0,0,0,0,0,0,0,0,0,0,2,2,0,0,2,2,0,0,0,0,0,0,0,0,0,0,0,0,0,0,0,0,0,0,0,0,0,0,0,0,0,0,2,0,0,2,0,2,0,2,2,2,0,2,0,0,2,2,0,0,0,0,2,0,2,2,0
"DT2",2,0,0,0,0,0,2,2,0,2,0,0,0,2,2,0,0,0,0,0,0,0,0,0,0,2,0,0,0,0,0,0,0,0,2,0,0,0,0,2,0,2,2,0,0,0,0,0,0,0,0,2,2,2,2,0,2,0,0,0,0,0,0,0,1,0,2,0,0,0,0,0,0,0,2,0,2,0,2,0,0,0,0,2,0,0,0,0,2,0,0,2,0,2,0,0,0,0,0,0,0,0,0,0,0,0,0,0,0,0,0,0,0,0,0,0,0,0,2,2,0,0,0,0,2,0,0,0,0,0,0,0,0,2,0,0,0,0,0,0,0,2,0,2,0,2,2,0,1,0,2,2,2,2,2,0,0,0,2,2,0,0,0,0,2,0,2,2,0,2,2,0,0,0,0,0,2,0,0,0,0,0,0,0,0,0,0,0,0,0,2,0,2,0,0,0,0,0,2,0
"DT20",2,0,0,0,0,2,0,0,0,0,0,0,0,0,2,0,0,2,0,0,0,0,2,0,2,0,0,2,0,0,0,0,2,0,0,0,0,0,2,0,0,2,2,0,2,0,0,0,0,2,0,2,2,0,2,2,0,2,0,0,0,0,0,0,0,0,2,0,0,0,0,0,0,0,0,0,0,2,0,0,0,0,0,0,0,0,0,2,0,0,0,0,0,2,0,0,0,2,2,0,0,0,0,0,0,0,2,0,0,0,0,0,0,0,0,0,0,0,2,0,0,0,0,0,2,0,0,0,2,2,2,0,0,0,0,0,0,0,0,0,0,0,0,2,0,2,0,0,0,0,0,0,0,0,0,0,0,0,0,0,0,0,0,0,0,0,0,0,0,2,0,0,0,0,0,0,2,0,0,0,0,0,0,0,0,0,2,0,2,0,0,2,2,2,0,2,0,2,0,2
"DT200",0,2,0,0,0,2,0,2,0,2,0,0,2,0,0,0,0,0,0,0,0,0,0,0,0,2,2,0,0,2,0,0,0,0,2,2,0,0,2,0,0,2,0,2,2,1,2,0,0,0,0,0,2,0,2,0,2,0,0,0,0,0,0,0,0,0,0,0,2,0,0,0,0,0,0,0,0,0,2,0,0,0,2,0,0,0,0,2,0,0,0,0,0,0,0,0,2,0,0,0,0,0,0,0,0,0,2,0,2,0,0,0,0,0,2,0,0,0,2,2,0,0,0,2,0,2,0,0,0,2,2,2,0,2,0,0,0,0,0,0,0,0,0,0,0,0,0,0,2,0,0,0,0,0,0,0,0,2,0,0,0,0,0,0,0,2,0,0,0,2,0,0,0,0,0,0,2,0,0,0,0,0,0,0,0,0,0,0,0,2,0,0,0,0,0,0,0,0,0,0
"DT201",2,0,2,0,0,2,2,0,0,1,0,0,0,0,0,0,2,0,0,0,2,0,0,0,2,0,2,2,0,0,0,0,0,0,2,0,2,0,2,0,0,2,0,0,0,0,2,0,0,2,0,2,0,0,0,2,0,2,0,0,2,2,0,0,0,0,0,2,0,0,0,2,0,0,2,0,0,0,0,2,0,2,0,0,2,0,2,2,0,0,0,0,0,2,0,2,2,0,0,2,0,0,2,0,0,0,0,0,0,0,0,0,2,0,0,0,0,0,0,2,0,0,0,0,0,0,0,0,0,0,0,0,2,0,0,0,0,2,2,2,2,0,0,0,2,0,0,2,0,0,0,0,0,0,0,2,0,0,0,0,2,0,2,0,0,0,0,0,2,1,0,2,2,0,0,0,0,0,0,2,0,0,2,2,2,2,0,0,0,2,2,0,2,0,2,2,0,0,0,0
"DT202",1,1,2,0,2,0,0,0,0,2,2,2,1,2,0,0,0,0,0,0,2,2,2,2,2,0,0,0,2,2,0,0,0,0,2,1,2,2,2,2,2,2,0,2,0,1,0,0,2,0,1,1,0,0,2,2,1,2,2,0,0,2,0,0,0,0,0,0,1,0,0,2,0,0,2,0,0,2,1,0,0,0,0,0,2,0,0,1,0,0,2,2,0,2,0,1,2,0,0,0,2,0,0,2,2,0,0,2,2,0,2,2,2,0,2,0,2,2,0,1,0,0,2,0,0,0,2,0,2,1,0,0,2,2,2,0,0,1,0,0,1,2,2,0,2,0,2,2,0,0,0,0,2,0,2,0,2,0,0,0,0,0,0,0,1,2,2,2,1,0,2,0,0,0,0,2,0,0,0,2,0,2,0,2,2,2,0,0,0,0,0,0,0,2,0,0,0,0,2,2
"DT203",0,0,0,0,0,2,2,2,0,0,0,0,2,2,1,0,2,0,0,0,0,0,0,0,0,2,2,2,0,0,0,0,0,0,0,0,0,0,0,2,2,0,2,0,0,1,2,0,0,0,0,0,0,0,0,0,2,0,0,0,0,0,0,0,0,0,2,0,2,0,2,0,0,2,2,0,0,0,0,0,0,2,0,2,0,0,2,2,0,0,2,2,2,0,2,0,2,0,0,0,0,0,0,0,0,0,0,0,2,0,0,0,0,0,0,0,0,0,0,2,0,0,0,0,0,0,0,0,0,2,0,2,0,2,0,0,0,0,2,2,2,0,0,0,0,0,0,2,2,2,2,0,0,2,2,0,0,0,2,0,0,0,0,2,2,2,2,2,0,2,0,2,0,0,0,2,0,0,0,2,0,2,0,2,0,2,2,0,0,2,2,0,0,0,0,0,0,0,0,0
"DT204",2,2,0,2,0,0,2,0,0,0,0,0,0,0,0,0,0,0,0,0,0,0,0,2,0,2,0,0,2,0,2,0,0,2,0,0,2,0,0,0,0,0,2,2,2,2,2,0,0,0,0,0,0,2,0,0,0,0,2,2,0,2,0,2,0,0,0,0,2,0,0,0,0,0,0,0,0,0,0,0,2,0,0,0,2,0,0,0,2,0,0,0,0,2,0,0,2,0,0,2,0,0,0,2,0,0,0,0,0,0,0,0,0,0,0,0,0,0,0,0,0,0,0,0,0,0,0,0,2,0,0,0,0,0,0,0,2,0,0,0,0,0,0,0,0,0,0,0,2,0,0,0,0,0,0,0,0,0,0,2,0,0,0,0,0,0,0,0,2,2,0,0,2,2,0,0,0,0,0,2,0,0,0,0,0,2,0,0,1,0,2,0,0,0,0,2,0,0,0,0
"DT205",0,0,2,0,0,0,2,0,0,0,2,0,2,0,1,0,0,0,0,0,0,0,0,0,0,2,2,0,0,0,0,0,0,2,2,0,2,0,0,2,0,0,0,0,0,0,0,0,0,0,0,0,0,0,0,0,2,0,2,2,0,0,0,2,0,0,0,2,2,0,0,2,0,0,2,0,0,0,0,0,2,0,2,0,0,0,0,0,0,0,2,0,0,0,0,0,0,2,2,2,0,0,2,0,0,0,0,0,0,0,0,0,0,0,0,0,0,0,2,0,0,0,0,0,2,0,0,0,0,0,2,0,0,0,0,2,0,0,0,0,0,0,0,0,0,0,2,0,2,0,0,0,0,0,0,0,0,2,0,0,0,0,2,0,2,2,0,2,0,0,0,0,0,0,0,0,0,0,0,2,2,0,0,2,0,2,2,0,1,0,2,0,0,0,0,0,0,0,0,0
"DT206",2,0,0,0,0,0,0,0,0,0,0,2,0,2,0,0,0,0,0,0,2,0,0,0,0,0,0,0,0,0,0,0,0,0,0,0,0,0,0,0,0,0,0,0,0,1,0,0,0,0,0,2,0,2,0,0,0,0,0,0,0,0,0,0,0,0,2,0,2,0,0,0,0,0,2,0,0,2,2,2,0,2,2,0,2,0,2,0,0,0,0,0,0,2,0,0,0,0,0,2,0,0,0,2,0,0,0,0,2,0,0,2,0,0,0,0,0,0,2,2,0,0,0,0,2,0,0,0,0,0,2,2,2,2,0,0,0,0,2,2,0,0,0,0,2,0,0,2,0,0,2,0,0,2,2,2,0,0,2,0,0,0,0,0,0,0,2,0,0,0,0,2,0,0,2,0,0,0,0,2,2,0,0,0,1,2,0,0,0,0,2,0,2,0,0,0,0,0,2,0
"DT207",2,0,0,0,0,0,0,2,0,0,0,2,0,2,0,0,0,0,0,0,2,0,0,0,2,0,0,0,0,0,0,0,0,0,0,0,0,0,0,2,0,0,0,0,2,0,0,0,0,0,0,0,0,0,0,0,0,0,0,0,0,0,0,2,0,0,2,0,0,0,0,2,0,0,0,0,2,0,2,2,0,0,0,0,2,0,0,0,0,0,0,0,0,2,0,0,0,2,2,0,0,2,0,2,2,0,0,0,2,0,0,0,0,0,2,0,0,0,0,2,0,0,0,0,0,2,0,0,0,0,2,2,2,0,0,0,0,0,2,2,0,0,0,0,0,0,0,0,0,0,2,0,0,2,2,0,0,2,2,0,0,0,0,0,0,0,2,0,2,2,0,0,0,0,0,0,0,2,0,0,0,0,0,2,0,2,0,0,2,0,2,0,2,0,0,0,0,0,2,0
"DT208",2,0,0,0,2,0,0,0,0,0,0,0,0,0,0,0,0,0,0,0,0,0,0,0,2,0,2,2,0,0,0,0,2,0,2,0,0,2,0,0,0,0,0,2,0,0,0,0,0,0,0,0,0,0,0,2,2,0,0,0,2,2,0,2,1,0,0,0,0,0,0,2,2,0,0,0,0,0,2,0,0,0,0,0,0,0,0,0,0,0,0,0,0,2,0,0,2,0,0,2,0,2,0,0,2,2,0,2,0,0,0,0,0,0,0,0,0,0,2,2,0,0,0,0,2,0,0,0,2,0,2,0,0,0,0,0,0,0,2,2,2,0,0,2,2,0,0,2,0,0,0,0,0,0,0,0,0,0,0,2,0,0,0,2,0,0,0,0,0,1,2,2,0,0,2,2,2,0,0,0,2,0,0,2,0,0,0,2,2,2,0,2,2,0,0,0,2,0,0,0
"DT209",0,0,0,0,0,0,0,0,0,0,2,0,0,0,0,0,0,0,0,0,2,0,0,0,0,0,2,2,0,0,0,1,0,2,0,0,2,0,0,2,0,0,0,2,0,0,0,0,0,0,0,0,2,0,2,0,0,0,0,0,0,0,0,0,0,0,0,0,0,0,2,0,0,0,2,0,0,0,0,0,0,0,2,0,0,0,0,0,2,0,2,0,0,0,0,0,2,0,0,0,0,0,2,0,0,0,0,0,2,0,0,0,0,0,0,0,0,0,0,0,0,0,0,0,0,0,0,0,0,0,0,2,2,2,2,0,0,2,0,0,0,0,2,0,0,2,2,0,2,2,0,0,0,0,0,2,0,0,0,0,0,0,0,0,0,0,0,0,2,0,0,0,0,0,0,0,2,0,0,2,0,0,0,0,0,0,0,0,0,0,2,2,2,0,0,0,0,2,2,0
"DT21",2,0,0,0,0,2,0,2,0,0,0,0,2,0,0,0,0,0,0,0,0,0,2,0,2,0,2,0,2,0,0,0,0,2,0,2,2,0,2,0,0,0,2,2,0,0,0,0,2,0,0,2,0,0,0,0,0,2,0,0,2,2,0,0,0,0,2,0,2,0,0,0,0,0,0,0,2,0,0,0,0,0,2,0,2,0,0,0,0,0,0,0,0,2,0,2,0,2,2,2,0,0,2,0,0,0,0,0,0,0,0,2,0,0,2,0,0,0,2,0,0,2,0,0,2,0,0,0,2,0,0,0,0,0,0,0,0,0,0,0,0,0,2,2,0,2,0,0,2,0,0,0,0,0,0,2,0,0,0,0,0,0,0,0,0,2,0,0,0,0,0,0,0,0,0,0,2,0,0,0,0,0,0,2,0,2,0,2,2,2,2,0,0,0,0,0,2,0,0,0
"DT210",0,0,0,0,0,2,2,0,0,0,0,0,0,0,0,0,0,0,0,0,0,0,0,0,0,2,2,2,0,0,0,0,0,0,0,0,0,0,0,2,0,0,0,0,0,0,0,0,0,2,0,0,2,0,2,0,0,0,0,0,2,2,0,0,1,0,2,0,0,2,2,2,0,0,0,0,0,0,0,0,0,0,2,0,2,0,0,2,0,0,0,0,0,0,0,0,0,2,2,0,0,0,0,0,0,0,0,0,0,0,0,2,0,0,0,0,0,0,0,0,0,0,0,2,0,2,0,0,0,0,2,0,0,2,0,0,0,0,0,0,0,0,0,0,0,2,0,0,2,0,0,0,0,0,0,2,0,2,0,2,0,0,2,0,0,0,0,2,0,2,2,2,0,0,0,2,0,0,2,2,0,2,0,0,0,2,0,0,1,0,0,0,2,2,0,0,0,2,0,2
"DT211",0,0,0,0,0,0,0,2,0,0,0,0,0,0,0,2,0,2,0,0,2,0,0,0,2,0,2,0,2,0,0,1,0,0,2,0,2,0,0,2,0,0,0,0,2,0,0,0,0,0,0,2,2,0,2,0,2,0,0,0,2,2,0,0,0,0,0,2,0,2,2,2,0,0,0,0,2,0,0,2,0,0,2,0,0,0,0,0,0,0,2,0,2,0,2,0,2,0,0,2,0,0,0,2,0,0,0,0,0,0,0,0,0,0,0,0,0,0,0,0,0,0,2,0,0,0,0,0,0,2,2,2,2,2,2,2,0,0,2,2,2,2,0,0,0,2,2,0,2,0,0,2,0,0,0,0,0,0,0,0,0,0,2,0,0,0,0,0,2,0,0,2,0,0,0,2,0,0,2,2,0,0,0,0,0,0,0,0,2,0,0,0,0,0,0,0,0,2,2,2
"DT212",2,2,0,0,0,0,0,2,0,2,2,0,0,0,0,0,0,0,0,0,2,0,0,0,0,2,2,0,2,0,0,0,0,0,2,2,2,0,2,0,0,0,0,2,2,0,0,0,2,0,0,0,0,0,0,0,2,0,0,0,2,2,0,0,0,0,0,0,0,0,0,0,0,0,0,0,2,0,2,0,0,2,0,0,2,0,2,0,0,0,0,0,0,2,0,0,0,0,0,0,0,0,2,0,0,0,0,0,2,0,0,0,0,0,0,0,0,0,0,2,0,0,0,0,0,0,0,0,0,0,2,2,2,0,0,0,0,0,2,2,2,0,2,0,0,2,2,0,2,0,0,0,2,0,0,2,0,2,0,2,0,0,0,0,0,0,0,2,2,0,0,0,0,2,2,0,0,0,2,0,2,2,0,0,0,0,0,0,0,0,0,0,2,0,0,0,2,0,0,0
"DT213",0,0,0,0,0,0,2,0,2,0,0,0,0,0,0,0,2,0,0,0,0,0,0,0,0,0,0,0,2,0,0,2,0,0,2,2,2,2,2,0,0,2,0,0,0,1,0,0,0,0,0,0,2,0,2,0,0,2,0,0,2,2,0,0,1,0,0,0,2,0,0,2,0,0,0,0,2,0,0,0,0,2,0,0,2,0,2,2,2,0,2,0,0,0,0,0,0,0,0,2,0,0,2,0,0,0,0,0,0,0,0,0,0,0,2,0,0,0,0,0,0,0,0,0,0,2,0,0,0,0,0,0,0,0,0,0,0,0,2,2,2,0,0,0,2,0,0,0,2,0,0,0,0,0,0,0,0,0,2,0,0,0,2,0,2,0,0,2,0,2,0,2,0,0,0,0,2,0,0,2,0,0,0,2,0,2,0,0,0,2,2,0,0,0,0,0,0,0,0,0
"DT214",0,0,0,0,0,0,2,0,2,0,0,0,0,0,0,0,2,0,0,0,0,0,0,0,0,0,0,0,2,0,0,2,0,0,2,2,2,2,2,0,0,2,0,0,0,1,0,0,0,0,0,0,2,0,2,0,0,2,0,0,2,2,0,0,1,0,0,0,2,0,0,2,0,0,0,0,2,0,0,0,0,2,0,0,2,0,2,2,2,0,2,0,0,0,0,0,0,0,0,2,0,0,2,0,0,0,0,0,0,0,0,0,0,0,2,0,0,0,0,0,0,0,0,0,0,2,0,0,0,0,0,0,0,0,0,0,0,0,2,2,2,0,0,0,2,0,0,0,2,0,0,0,0,0,0,0,0,0,2,0,0,0,2,0,2,0,0,2,0,2,0,2,0,0,0,0,2,0,0,2,0,0,0,2,2,2,0,0,0,2,2,0,0,0,0,0,0,0,0,0
"DT215",2,0,0,0,0,2,0,2,2,1,0,2,2,0,0,0,0,2,0,0,2,0,2,0,0,0,2,0,0,0,0,0,0,0,2,2,2,2,2,0,0,0,0,2,0,0,0,2,0,0,0,0,0,0,0,0,0,0,0,0,2,2,0,2,0,2,0,0,0,0,0,0,0,0,0,0,2,0,0,2,0,0,0,0,0,0,0,0,2,0,0,0,0,2,0,0,0,2,2,0,0,0,0,0,0,0,0,0,0,0,0,2,0,0,0,0,0,0,2,2,0,0,0,0,2,2,0,0,2,0,2,0,2,0,2,0,0,0,0,0,0,0,0,2,2,0,0,2,2,0,0,0,0,0,0,0,2,2,0,0,0,0,0,0,0,2,0,0,2,2,2,0,2,0,0,0,2,0,0,2,0,0,2,2,0,2,2,0,0,2,2,0,2,0,2,0,0,0,2,0
"DT216",2,0,0,0,0,0,0,2,0,1,0,2,0,0,0,2,0,0,0,0,2,0,0,0,0,0,2,0,0,0,0,1,0,0,0,0,0,0,0,2,0,0,0,0,2,0,0,0,0,0,2,0,0,0,0,2,2,0,0,0,0,0,0,0,1,2,0,0,0,0,2,2,0,0,0,0,2,0,0,0,2,2,0,0,2,0,2,0,0,0,0,0,2,2,2,0,0,0,0,0,0,0,0,0,0,0,0,0,2,0,0,0,2,0,0,0,0,0,2,0,2,0,0,0,2,2,0,0,0,0,0,0,2,2,0,0,0,2,0,0,0,0,0,2,2,2,0,0,0,2,0,0,0,0,0,0,2,2,0,0,0,0,2,0,2,0,0,0,0,0,0,0,0,0,0,0,0,0,0,2,2,2,0,0,0,2,0,0,2,0,2,0,2,0,2,0,0,0,2,0
"DT217",0,2,2,0,0,0,0,2,0,2,0,2,0,0,0,0,0,0,0,0,2,0,0,2,0,2,0,0,2,0,0,2,2,0,0,2,2,0,2,0,0,0,0,2,2,0,0,0,0,0,0,0,0,0,0,0,0,0,0,0,0,0,0,0,0,0,0,0,2,0,0,0,0,2,2,0,2,0,2,0,2,2,2,2,0,0,2,2,0,0,0,2,0,0,0,0,0,0,0,2,2,2,0,2,2,0,0,0,0,0,0,0,0,0,0,0,0,0,2,2,0,0,0,0,0,0,0,0,0,0,0,2,2,0,0,0,0,0,2,2,0,0,0,2,0,2,2,0,2,2,0,0,0,0,0,2,0,0,0,0,0,0,0,0,0,0,0,2,0,0,0,2,0,0,0,2,2,0,0,0,2,0,0,0,0,0,2,0,1,0,0,2,2,2,0,0,0,0,0,0
"DT218",2,0,0,0,0,2,2,2,0,0,0,0,2,2,0,0,2,0,0,0,0,0,2,2,0,0,0,0,2,0,2,0,0,0,2,0,2,0,0,2,0,2,0,0,2,0,0,0,0,2,0,2,0,0,0,0,0,2,0,0,0,0,0,0,0,0,0,0,0,0,0,2,0,2,0,0,0,2,0,2,0,2,2,0,2,0,2,0,0,0,0,0,0,2,0,0,0,2,2,2,0,2,2,0,0,0,0,0,2,0,0,0,2,2,0,0,0,0,0,0,0,0,0,0,0,2,0,0,0,0,2,0,0,2,0,2,0,0,2,2,0,0,0,0,0,0,0,0,0,0,0,0,0,0,0,2,0,0,2,2,0,0,2,2,0,2,0,2,0,1,0,2,0,0,0,0,0,0,0,0,0,0,0,0,0,0,0,0,0,2,0,0,2,2,0,0,0,2,0,2
"DT219",0,2,0,0,2,2,0,2,0,2,0,0,2,0,1,0,0,0,0,0,0,0,0,0,0,2,2,0,2,0,2,0,0,0,0,0,2,0,0,0,0,0,0,2,2,0,2,0,0,2,0,2,0,0,0,0,2,0,0,0,2,2,0,0,0,0,0,0,0,0,0,2,0,2,2,0,0,0,2,0,0,2,2,2,0,0,2,0,0,0,0,2,0,0,0,0,0,2,2,0,0,2,0,0,0,0,0,0,0,0,0,0,2,0,0,0,2,2,2,2,0,0,0,0,2,0,0,0,0,0,0,0,0,0,0,0,0,0,0,0,0,0,0,2,0,0,2,0,0,0,0,0,2,0,0,0,0,0,0,0,0,2,2,0,2,2,0,2,2,0,0,0,0,0,2,2,2,0,0,2,2,0,0,0,0,0,0,0,0,0,0,0,2,0,0,0,0,0,0,0
